name,tags,price
Moving Out,[Ljava.lang.String;@2bb4c46b,S$22.00
Mahou Arms,[Ljava.lang.String;@159afc8c,S$23.40
HYPERCHARGE: Unboxed,[Ljava.lang.String;@5d913cdf,S$13.87
Drug Dealer Simulator,[Ljava.lang.String;@550fe5b,S$18.50
Granblue Fantasy: Versus,[Ljava.lang.String;@84ae506,S$49.00
Deadside,[Ljava.lang.String;@4a76061f,S$18.50
RESIDENT EVIL 3,[Ljava.lang.String;@1ed5bc4a,S$81.00
Borderlands 3,[Ljava.lang.String;@1c752bed,S$40.95
Dragon Marked For Death,[Ljava.lang.String;@43488fb0,S$34.00
Trials of Mana,[Ljava.lang.String;@39f42f38,S$64.90
Conqueror's Blade,[Ljava.lang.String;@af0f3a0,S$0.00
Wild West and Wizards,[Ljava.lang.String;@3fef9b50,S$12.32
Skul: The Hero Slayer,[Ljava.lang.String;@385da612,S$13.60
Rakion Chaos Force,[Ljava.lang.String;@4a4872f2,S$0.00
Pixel Ripped 1995,[Ljava.lang.String;@12cfec30,S$18.50
Mahou Arms,[Ljava.lang.String;@3a8186e5,S$23.40
HYPERCHARGE: Unboxed,[Ljava.lang.String;@1e6fcba5,S$13.87
Cloudpunk,[Ljava.lang.String;@6342e89b,S$16.65
Deadside,[Ljava.lang.String;@26371264,S$18.50
Trials of Mana,[Ljava.lang.String;@10b70ee9,S$64.90
Brave Alchemist Colette,[Ljava.lang.String;@70e5ddb9,S$18.70
Wild West and Wizards,[Ljava.lang.String;@497e50e,S$12.32
Drug Dealer Simulator,[Ljava.lang.String;@1aad73ca,S$18.50
Pixel Ripped 1995,[Ljava.lang.String;@32c5e630,S$18.50
\ub178\ubca0\ub098 \ub514\uc544\ubcfc\ub85c\uc2a4,[Ljava.lang.String;@6c93fdc4,S$16.20
Knock Harder,[Ljava.lang.String;@5797dacd,S$8.50
Half-Life: Alyx,[Ljava.lang.String;@2655d0d6,S$49.00
Mount & Blade II: Bannerlord,[Ljava.lang.String;@3bbc464a,S$59.00
One Step From Eden,[Ljava.lang.String;@4832e124,S$18.50
\u30e1\u30e2\u30ea\u30fc\u30ba\u30aa\u30d5-Innocent Fille-,[Ljava.lang.String;@211a0b5d,S$34.00
Gears Tactics,[Ljava.lang.String;@701631bc,S$74.90
XCOM\u00ae: Chimera Squad,[Ljava.lang.String;@2f72d55b,S$13.95
HYPERCHARGE: Unboxed,[Ljava.lang.String;@5e43630b,S$13.87
Iratus: Lord of the Dead,[Ljava.lang.String;@7a40b3e7,S$16.50
TROUBLESHOOTER: Abandoned Children,[Ljava.lang.String;@3b9ae6c2,S$17.60
112 Operator,[Ljava.lang.String;@27b24e7,S$18.70
Pax Nova,[Ljava.lang.String;@47e55498,S$18.70
Conqueror's Blade,[Ljava.lang.String;@38c50808,S$0.00
Filament,[Ljava.lang.String;@54054524,S$13.60
Mount & Blade II: Bannerlord,[Ljava.lang.String;@f021f5f,S$59.00
KARDS - The WWII Card Game,[Ljava.lang.String;@622edbb3,S$0.00
Fort Triumph,[Ljava.lang.String;@723b0ab6,S$22.00
Coronavirus Attack,[Ljava.lang.String;@ce94db0,S$2.14
The Wind and Wilting Blossom,[Ljava.lang.String;@138e4395,S$14.00
One Step From Eden,[Ljava.lang.String;@7e9f114,S$18.50
DJMAX RESPECT V,[Ljava.lang.String;@6b6f793d,S$61.00
Half-Life: Alyx,[Ljava.lang.String;@a9c1d2e,S$49.00
Knock Harder,[Ljava.lang.String;@42353c38,S$8.50
Mount & Blade II: Bannerlord,[Ljava.lang.String;@6f3ab86,S$59.00
Dreamscaper: Prologue,[Ljava.lang.String;@16c59cf4,S$0.00
DOOM Eternal,[Ljava.lang.String;@7cda966f,S$81.30
Grand Theft Auto IV: The Complete Edition,[Ljava.lang.String;@17e5a130,S$27.60
One Step From Eden,[Ljava.lang.String;@cd197d1,S$18.50
Alien 911 Prologue,[Ljava.lang.String;@36499883,S$0.00
Last Oasis,[Ljava.lang.String;@1e0819cb,S$29.00
Biped,[Ljava.lang.String;@24ded71b,S$14.50
State of Decay 2: Juggernaut Edition,[Ljava.lang.String;@24b1a34e,S$26.00
Ori and the Will of the Wisps,[Ljava.lang.String;@5e46aadb,S$39.90
Bombergrounds: Battle Royale,[Ljava.lang.String;@de2699,S$0.00
Bright Memory,[Ljava.lang.String;@526a4f96,S$10.00
\u30e1\u30e2\u30ea\u30fc\u30ba\u30aa\u30d5-Innocent Fille-,[Ljava.lang.String;@10134082,S$34.00
Biped,[Ljava.lang.String;@610846f7,S$14.50
\u516d\u9636\u8c1c\u9898 six-step mystery,[Ljava.lang.String;@619eb3bf,S$5.62
VALKYRIE CONNECT,[Ljava.lang.String;@5ba6a0d7,S$0.00
The Room VR: A Dark Matter,[Ljava.lang.String;@513bec71,S$26.00
BarnFinders: The Pilot,[Ljava.lang.String;@72a7375f,S$0.00
Onryo | \u6028\u970a,[Ljava.lang.String;@663071ff,S$5.25
Bright Memory,[Ljava.lang.String;@8fed5f6,S$10.00
WarriOrb,[Ljava.lang.String;@6a8f8fc,S$19.08
Grand Theft Auto IV: The Complete Edition,[Ljava.lang.String;@4dfe3ab9,S$27.60
Exit the Gungeon,[Ljava.lang.String;@28241570,S$10.00
Senren\uff0aBanka,[Ljava.lang.String;@560b34e7,S$26.10
Fire Escape,[Ljava.lang.String;@17a559c2,S$10.00
RESEQUENCED,[Ljava.lang.String;@2bb2827d,S$7.65
Hero of the Kingdom: The Lost Tales 1,[Ljava.lang.String;@23b59dee,S$5.25
Alien 911 Prologue,[Ljava.lang.String;@11c00e6a,S$0.00
Endzone - A World Apart,[Ljava.lang.String;@2edec745,S$22.00
Biped,[Ljava.lang.String;@218b659d,S$14.50
Warhammer Underworlds: Online,[Ljava.lang.String;@3ccb1d6e,S$26.00
Bombergrounds: Battle Royale,[Ljava.lang.String;@2d69f7c3,S$0.00
Mahou Arms,[Ljava.lang.String;@75d5f9c4,S$23.40
RISK: Global Domination,[Ljava.lang.String;@f88dd6e,S$0.00
Langrisser I & II,[Ljava.lang.String;@6bcc819c,S$64.90
Nations At War Digital,[Ljava.lang.String;@979a4c9,S$3.15
Good Company,[Ljava.lang.String;@53b877fb,S$22.00
Winter War,[Ljava.lang.String;@1a12b34f,S$14.50
Red Mist,[Ljava.lang.String;@155d01f0,S$10.00
Panzer Corps 2,[Ljava.lang.String;@5146b07e,S$34.00
Hero of the Kingdom: The Lost Tales 1,[Ljava.lang.String;@41d11202,S$5.25
Holdfast: Nations At War,[Ljava.lang.String;@4e5649bc,S$20.00
Onryo | \u6028\u970a,[Ljava.lang.String;@57580046,S$5.25
Swords of Gurrah,[Ljava.lang.String;@1e5049ad,S$18.50
RESEQUENCED,[Ljava.lang.String;@6237f872,S$7.65
ONE PIECE: PIRATE WARRIORS 4,[Ljava.lang.String;@1d29ae88,S$74.90
Black Mesa,[Ljava.lang.String;@ae4d75b,S$18.50
Exit the Gungeon,[Ljava.lang.String;@1665ea8b,S$10.00
WarriOrb,[Ljava.lang.String;@4b4c645d,S$19.08
\u6b66\u4fa0\u4e42 The Swordsmen X,[Ljava.lang.String;@1bc1de52,S$24.65
Metro Exodus,[Ljava.lang.String;@37b39c7e,S$53.90
Kill It With Fire: Ignition,[Ljava.lang.String;@e3b09b1,S$0.00
PANZER BALL,[Ljava.lang.String;@267deaa7,S$0.00
Shank n' Bake,[Ljava.lang.String;@33db9374,S$4.72
Chaos,[Ljava.lang.String;@18a0b91d,S$0.00
Witching Tower: Heroes,[Ljava.lang.String;@4e005d39,S$8.50
Heavens Tournament,[Ljava.lang.String;@7e1ae8c,S$8.50
The Test: Hypothesis Rising,[Ljava.lang.String;@753be962,S$1.93
Ori and the Will of the Wisps,[Ljava.lang.String;@399e9b69,S$39.90
Paranoia: Deliver Me,[Ljava.lang.String;@3381c718,S$1.29
\u6b66\u4fa0\u4e42 The Swordsmen X,[Ljava.lang.String;@2db8032a,S$24.65
Beyond The Underworld,[Ljava.lang.String;@7628f06,S$14.50
Aladdin - Hidden Objects Game,[Ljava.lang.String;@4aea0950,S$4.20
Help Will Come Tomorrow,[Ljava.lang.String;@77eebe12,S$18.50
Curse of the Dead Gods,[Ljava.lang.String;@1aa25296,S$17.90
Education,[Ljava.lang.String;@92bf47b,S$2.92
Black Mesa,[Ljava.lang.String;@1391cc87,S$18.50
Samsara Room,[Ljava.lang.String;@110deec9,S$0.00
Tank Mechanic Simulator,[Ljava.lang.String;@1933389c,S$18.50
Metro Exodus,[Ljava.lang.String;@4f6d9fed,S$53.90
Racing Bike Fight (Corona Virus Lockdown Special),[Ljava.lang.String;@52858773,S$1.29
Mushroom Cats 2,[Ljava.lang.String;@2c80404c,S$0.99
Holdfast: Nations At War,[Ljava.lang.String;@fc61a1c,S$20.00
Legend Creatures(\u4f20\u5947\u751f\u7269),[Ljava.lang.String;@7186aa88,S$5.25
Help Will Come Tomorrow,[Ljava.lang.String;@5faa06d4,S$18.50
Rakion Chaos Force,[Ljava.lang.String;@481e8403,S$0.00
Train Station Renovation - First Job,[Ljava.lang.String;@77b761e6,S$0.00
Radio General,[Ljava.lang.String;@33214772,S$18.50
Tabletop Playground Beta,[Ljava.lang.String;@3c326b64,S$0.00
Iris and the Giant,[Ljava.lang.String;@b0ce7d,S$13.60
SimAirport,[Ljava.lang.String;@4c4437dc,S$22.00
Kingdom Under Fire: The Crusaders,[Ljava.lang.String;@75e7e3f1,S$13.93
Element TD 2 - Competitive Tower Defense,[Ljava.lang.String;@5a21cf62,S$10.00
Besiege,[Ljava.lang.String;@5ce4317d,S$14.50
Circle Empires Rivals,[Ljava.lang.String;@31f307ea,S$14.50
STATIONflow,[Ljava.lang.String;@7b41924e,S$17.00
EllrLand,[Ljava.lang.String;@2fcf189b,S$7.48
Curse of the Dead Gods,[Ljava.lang.String;@7b382a30,S$17.90
Comanche,[Ljava.lang.String;@c9c04fb,S$27.00
Fly Punch Boom: First Impact!,[Ljava.lang.String;@5b40de33,S$0.00
Avorion,[Ljava.lang.String;@647cdd16,S$22.00
Super Worm 3D,[Ljava.lang.String;@5e2f0203,S$5.25
Koi Unleashed,[Ljava.lang.String;@32f87ee1,S$16.20
10 Second Shuriken,[Ljava.lang.String;@6f149fcb,S$5.52
Receiver 2,[Ljava.lang.String;@6d827b52,S$18.50
Infinite Dronin,[Ljava.lang.String;@4b1b43fb,S$22.00
Tank Mechanic Simulator,[Ljava.lang.String;@3a65330f,S$18.50
"One Try, One Kill",[Ljava.lang.String;@71c4194f,S$1.29
Racing Bike Fight (Corona Virus Lockdown Special),[Ljava.lang.String;@f62a4ce,S$1.29
Holdfast: Nations At War,[Ljava.lang.String;@1ef72a42,S$20.00
ColorsInvaders,[Ljava.lang.String;@d199fd8,S$1.82
CoronaFighter,[Ljava.lang.String;@5c46f155,S$0.00
Nira,[Ljava.lang.String;@619aed6c,S$7.64
Wild Russia,[Ljava.lang.String;@20bc59d8,S$14.80
Gone: Survival,[Ljava.lang.String;@4b1bd8c3,S$5.62
The Shattering,[Ljava.lang.String;@4ed05d35,S$18.50
Sand to Surf,[Ljava.lang.String;@7897380e,S$0.00
Unlanded,[Ljava.lang.String;@3aa7dc5d,S$3.21
Lost Circus VR - The Prologue,[Ljava.lang.String;@2f6fc60a,S$5.25
Avorion,[Ljava.lang.String;@631a0f27,S$22.00
Bear Party: Adventure,[Ljava.lang.String;@228c1c02,S$0.00
EllrLand,[Ljava.lang.String;@26cd793a,S$7.48
Yumeutsutsu Re:After,[Ljava.lang.String;@77c3a47f,S$42.00
\u30ed\u30b9\u30c8\u30ab\u30e9\u30fc\u30ba\uff0f\u518d\u88c5\u7248 \/ LOSTCOLORS,[Ljava.lang.String;@4413ee97,S$20.30
The Strange Story Of Brian Fisher: Chapter 1,[Ljava.lang.String;@6bd861b,S$7.50
Touhou Blooming Chaos 2,[Ljava.lang.String;@4b743b5f,S$7.36
Dead GroundZ,[Ljava.lang.String;@217e8e12,S$12.95
Yu-Gi-Oh! Legacy of the Duelist : Link Evolution,[Ljava.lang.String;@102577e1,S$50.50
Billion Road,[Ljava.lang.String;@7a611879,S$34.00
Royal Crown,[Ljava.lang.String;@2f3a1739,S$0.00
Arcane Showdown - Battle Arena,[Ljava.lang.String;@40c8d469,S$0.00
Fields of Glory,[Ljava.lang.String;@7b6929ee,S$5.02
Bloons Monkey City,[Ljava.lang.String;@939442a,S$0.00
Prime & Load : 1776,[Ljava.lang.String;@76c519eb,S$17.00
InfiniteCorp,[Ljava.lang.String;@7028e0c6,S$4.59
Sexy Fitness Girl,[Ljava.lang.String;@42bc8174,S$2.15
Pirates Outlaws,[Ljava.lang.String;@167851d,S$18.50
Out of Space,[Ljava.lang.String;@5f33de9b,S$14.50
Gordian Quest,[Ljava.lang.String;@68aa3b6b,S$18.50
Knock on the Coffin Lid,[Ljava.lang.String;@4ebba02b,S$10.00
Selfless Heroes,[Ljava.lang.String;@73499b8c,S$6.50
SpellPunk VR,[Ljava.lang.String;@32cf5478,S$15.72
Raindrops,[Ljava.lang.String;@182e038a,S$5.25
Nira,[Ljava.lang.String;@27846ef8,S$7.64
Kingdom Under Fire: The Crusaders,[Ljava.lang.String;@6fa092e4,S$13.93
Resident Evil 3: Raccoon City Demo,[Ljava.lang.String;@5e171131,S$0.00
PiraCrash!,[Ljava.lang.String;@364d7b2a,S$5.25
Wild Russia,[Ljava.lang.String;@32ba20b5,S$14.80
Coronavirus Evolution,[Ljava.lang.String;@59e6a3b4,S$1.10
KillSteel,[Ljava.lang.String;@3f9eaf20,S$0.00
Gone: Survival,[Ljava.lang.String;@625707d2,S$5.62
Sand to Surf,[Ljava.lang.String;@10b2ca5,S$0.00
Lost Circus VR - The Prologue,[Ljava.lang.String;@6d9cd433,S$5.25
Bear Party: Adventure,[Ljava.lang.String;@2731910f,S$0.00
Purple Saturn Day,[Ljava.lang.String;@7d026bac,S$3.51
Soldat,[Ljava.lang.String;@25340ead,S$0.00
Royal Crown,[Ljava.lang.String;@2e827b74,S$0.00
Forbidden Ingress,[Ljava.lang.String;@6ba16a57,S$4.20
Mya of the Desert,[Ljava.lang.String;@6e6540e8,S$0.00
Disaster Report 4: Summer Memories,[Ljava.lang.String;@5381df8b,S$59.00
The Complex,[Ljava.lang.String;@57679997,S$13.00
The Flower Collectors,[Ljava.lang.String;@37f4a2fe,S$18.50
\uc7ad\uacfc \ucf69\ub098\ubb34: \uc228\uaca8\uc9c4 \uc774\uc57c\uae30,[Ljava.lang.String;@7352d6e8,S$0.00
Abacus,[Ljava.lang.String;@2e72228e,S$6.50
Aground,[Ljava.lang.String;@4532adf6,S$14.50
Eternal Radiance,[Ljava.lang.String;@57c304fc,S$17.00
Azur Lane Crosswave,[Ljava.lang.String;@32c36d7a,S$42.00
Gordian Quest,[Ljava.lang.String;@d1a5ffe,S$18.50
Mad Experiments: Escape Room,[Ljava.lang.String;@5d170eb6,S$10.00
The Walking Evil,[Ljava.lang.String;@123c150c,S$13.00
Birth ME Code,[Ljava.lang.String;@3bbd028c,S$22.00
No one lives under the lighthouse,[Ljava.lang.String;@64074faa,S$5.25
Victory Road,[Ljava.lang.String;@73667e7b,S$18.50
Merchant of the Skies,[Ljava.lang.String;@201cabf9,S$14.50
Sagrada,[Ljava.lang.String;@7e38ca4f,S$10.00
Taur,[Ljava.lang.String;@7bc4b325,S$22.00
Spirit Island,[Ljava.lang.String;@3b918f80,S$22.00
Armed to the Gears,[Ljava.lang.String;@7e17b868,S$6.50
Legend of Keepers: Career of a Dungeon Master,[Ljava.lang.String;@46c56f57,S$18.50
Idle Champions of the Forgotten Realms,[Ljava.lang.String;@18c6b131,S$0.00
Beautiful Feet Cabin,[Ljava.lang.String;@2f1cc026,S$5.25
Unformed \u7834\u5984,[Ljava.lang.String;@6c0bf955,S$14.50
Lock 'n Load Tactical Digital,[Ljava.lang.String;@1599c54,S$5.25
POLYGON,[Ljava.lang.String;@2cbbfa77,S$0.00
Out of the Park Baseball 21,[Ljava.lang.String;@65ef1236,S$34.00
12 Labours of Hercules X: Greed for Speed,[Ljava.lang.String;@561d8e8f,S$12.00
Stoneshard,[Ljava.lang.String;@1beb0324,S$15.00
Peasants War,[Ljava.lang.String;@7513ebf6,S$0.00
Forbidden Ingress,[Ljava.lang.String;@4fc06a2d,S$4.20
Dieselpunk Wars Prologue,[Ljava.lang.String;@c71b2d2,S$0.00
Bleeding Edge,[Ljava.lang.String;@653bda7a,S$39.90
Azur Lane Crosswave,[Ljava.lang.String;@f1dc170,S$42.00
Dead GroundZ,[Ljava.lang.String;@43c053bc,S$12.95
Gotcha,[Ljava.lang.String;@42a69e34,S$19.80
Prime & Load : 1776,[Ljava.lang.String;@79f56410,S$17.00
Touhou Blooming Chaos 2,[Ljava.lang.String;@18023c1f,S$7.36
Bloons Monkey City,[Ljava.lang.String;@591ec110,S$0.00
Electronic Squash,[Ljava.lang.String;@2fbfb339,S$5.95
Yokai's Secret,[Ljava.lang.String;@7db8873a,S$2.15
Riposte!,[Ljava.lang.String;@74d3be56,S$9.71
Mya of the Desert,[Ljava.lang.String;@5beae79d,S$0.00
SpellPunk VR,[Ljava.lang.String;@91eb1a2,S$15.72
No one lives under the lighthouse,[Ljava.lang.String;@30a676ec,S$5.25
DreadOut 2,[Ljava.lang.String;@596e4fa0,S$18.50
Skul: The Hero Slayer,[Ljava.lang.String;@55b49d1f,S$13.60
My Cute Fuhrer,[Ljava.lang.String;@295ba5aa,S$2.15
Unformed \u7834\u5984,[Ljava.lang.String;@2ac9a77b,S$14.50
Mask of the Plague Doctor,[Ljava.lang.String;@1f1eecd,S$5.25
Shapik: The Moon Quest,[Ljava.lang.String;@705cc789,S$8.50
TroubleDays,[Ljava.lang.String;@4de4add,S$13.00
The Procession to Calvary,[Ljava.lang.String;@63cbd742,S$10.00
\u63a8\u7bb1\u5b50,[Ljava.lang.String;@6d42da70,S$0.88
Marco & The Galaxy Dragon,[Ljava.lang.String;@7bb438de,S$18.50
ITTA,[Ljava.lang.String;@d4a0dd7,S$14.50
"The Narrator is a DICK : Longer, Harder, and Uncut",[Ljava.lang.String;@3006aafb,S$1.10
What Makes Us Special,[Ljava.lang.String;@4bec77d1,S$6.00
In Other Waters,[Ljava.lang.String;@11c4d4ba,S$14.50
Shieldwall,[Ljava.lang.String;@4c3d57e0,S$10.00
"Yes, Your Grace",[Ljava.lang.String;@49e97dee,S$16.65
Fighters Wizards,[Ljava.lang.String;@6113c9fd,S$0.82
The Last Haven,[Ljava.lang.String;@56c5a061,S$18.50
Kingdom vs Zombies,[Ljava.lang.String;@70e16f0e,S$5.52
Defense high,[Ljava.lang.String;@72656af1,S$2.15
Chess Sudoku,[Ljava.lang.String;@dc60961,S$5.25
Submarine Titans,[Ljava.lang.String;@76fb6610,S$2.10
Ostriv,[Ljava.lang.String;@d19fede,S$22.00
Potion Commotion,[Ljava.lang.String;@54f23f6e,S$1.10
The Political Machine 2020,[Ljava.lang.String;@6942b990,S$14.50
Urban Cards,[Ljava.lang.String;@44a4994e,S$17.90
Fantasy World Online Tycoon,[Ljava.lang.String;@609700a,S$18.50
Farmtale,[Ljava.lang.String;@43c536ea,S$5.25
Plebby Quest: The Crusades,[Ljava.lang.String;@3f37993b,S$18.50
HYPERCHARGE: Unboxed,[Ljava.lang.String;@5f39097a,S$13.87
MotoGP\u212220,[Ljava.lang.String;@12fdbbb7,S$42.00
DJMAX RESPECT V,[Ljava.lang.String;@7865bd64,S$61.00
Heavens Tournament,[Ljava.lang.String;@7b980d12,S$8.50
WGT Golf,[Ljava.lang.String;@6cfda9c2,S$0.00
Racing Bike Fight (Corona Virus Lockdown Special),[Ljava.lang.String;@13a287e9,S$1.29
Sand to Surf,[Ljava.lang.String;@46799664,S$0.00
Purple Saturn Day,[Ljava.lang.String;@7d32f324,S$3.51
Electronic Squash,[Ljava.lang.String;@7c00e6f9,S$5.95
Victory Road,[Ljava.lang.String;@7b9abb5f,S$18.50
Intergalactic Fishing,[Ljava.lang.String;@71dac8fe,S$14.50
Automobilista 2,[Ljava.lang.String;@1b1bae32,S$26.00
R.B.I. Baseball 20,[Ljava.lang.String;@6057a486,S$26.00
Out of the Park Baseball 21,[Ljava.lang.String;@4eb9bb90,S$34.00
Glory Horse Racing,[Ljava.lang.String;@69031781,S$22.00
Moving Out,[Ljava.lang.String;@7201ac5a,S$22.00
Drug Dealer Simulator,[Ljava.lang.String;@71e7fcb1,S$18.50
MotoGP\u212220,[Ljava.lang.String;@294213,S$42.00
112 Operator,[Ljava.lang.String;@55262e9d,S$18.70
Desktop Kanojo,[Ljava.lang.String;@2a3a2b1f,S$2.27
Conqueror's Blade,[Ljava.lang.String;@64f6489d,S$0.00
Yu-Gi-Oh! Legacy of the Duelist : Link Evolution,[Ljava.lang.String;@2e05a7ca,S$50.50
\ub178\ubca0\ub098 \ub514\uc544\ubcfc\ub85c\uc2a4,[Ljava.lang.String;@4ab32651,S$16.20
Blush Blush,[Ljava.lang.String;@31aa9ecb,S$0.00
Coronavirus Attack,[Ljava.lang.String;@67ce8ac3,S$2.14
Knock Harder,[Ljava.lang.String;@64765a07,S$8.50
Mount & Blade II: Bannerlord,[Ljava.lang.String;@37247976,S$59.00
State of Decay 2: Juggernaut Edition,[Ljava.lang.String;@521df59f,S$26.00
AI\uff0aShoujo\/AI\uff0a\u5c11\u5973,[Ljava.lang.String;@4116e58d,S$69.45
Endzone - A World Apart,[Ljava.lang.String;@176629ca,S$22.00
Trials of Mana,[Ljava.lang.String;@3e91a168,S$64.90
Brave Alchemist Colette,[Ljava.lang.String;@485d11ba,S$18.70
Iratus: Lord of the Dead,[Ljava.lang.String;@6ed35902,S$16.50
Fallout 76,[Ljava.lang.String;@5c97094,S$53.99
Borderlands 3,[Ljava.lang.String;@36e01ba4,S$40.95
TROUBLESHOOTER: Abandoned Children,[Ljava.lang.String;@16100c03,S$17.60
Cloudpunk,[Ljava.lang.String;@62ff5c8a,S$16.65
Dragon Marked For Death,[Ljava.lang.String;@2c7cdd91,S$34.00
Wild West and Wizards,[Ljava.lang.String;@1a77de81,S$12.32
Conqueror's Blade,[Ljava.lang.String;@c91b9d8,S$0.00
Mini Healer,[Ljava.lang.String;@1492bfcc,S$7.22
Mount & Blade II: Bannerlord,[Ljava.lang.String;@5ec8689a,S$59.00
Rakion Chaos Force,[Ljava.lang.String;@7aef3614,S$0.00
The Wind and Wilting Blossom,[Ljava.lang.String;@7bb10fe8,S$14.00
The Legend of Heroes: Trails of Cold Steel III,[Ljava.lang.String;@7adca38d,S$59.00
Car Crush Racing Simulator,[Ljava.lang.String;@64915d9f,S$1.29
One More Shot,[Ljava.lang.String;@172cd0aa,S$12.00
Battle Ram,[Ljava.lang.String;@8f3d909,S$4.25
Wacky Golf Land,[Ljava.lang.String;@372facb,S$12.32
Ultimate MMA,[Ljava.lang.String;@6de1329f,S$5.25
TT Isle of Man Ride on the Edge 2,[Ljava.lang.String;@1c391609,S$59.00
Trendpoker 3D: Free Online Poker,[Ljava.lang.String;@a94bf16,S$0.00
SOUNDART,[Ljava.lang.String;@1e24a82d,S$18.50
POLYGON,[Ljava.lang.String;@7a3504bc,S$0.00
Hooplord,[Ljava.lang.String;@2e68ccad,S$7.50
Untitled Puzzle Simulator,[Ljava.lang.String;@12baa79,S$10.00
Ultimate Chess,[Ljava.lang.String;@3af50fb1,S$1.10
Porsche Hall of Legends VR,[Ljava.lang.String;@68b7ecb7,S$0.00
Smashing Healthy VR,[Ljava.lang.String;@d258a8,S$18.50
Go Kart Run!,[Ljava.lang.String;@5cf652a9,S$0.00
BarnFinders: The Pilot,[Ljava.lang.String;@19e9d92f,S$0.00
Onryo | \u6028\u970a,[Ljava.lang.String;@becc5a2,S$5.25
Good Company,[Ljava.lang.String;@65e1ad6c,S$22.00
Domino Simulator 2020,[Ljava.lang.String;@4911a39f,S$10.00
The Test: Hypothesis Rising,[Ljava.lang.String;@1ee62b33,S$1.93
Kill It With Fire: Ignition,[Ljava.lang.String;@73ca2c98,S$0.00
Tank Mechanic Simulator,[Ljava.lang.String;@1ba86540,S$18.50
Paranoia: Deliver Me,[Ljava.lang.String;@5f6120f1,S$1.29
SoundSelf: A Technodelic,[Ljava.lang.String;@7071279d,S$26.00
Comanche,[Ljava.lang.String;@52fd7be7,S$27.00
Heavens Tournament,[Ljava.lang.String;@aa7869d,S$8.50
Receiver 2,[Ljava.lang.String;@5c974990,S$18.50
Avorion,[Ljava.lang.String;@25a3c050,S$22.00
SimAirport,[Ljava.lang.String;@1cb8a540,S$22.00
Making*Lovers,[Ljava.lang.String;@2a1d5b24,S$26.00
Dreamscaper: Prologue,[Ljava.lang.String;@77bab4aa,S$0.00
Knock Harder,[Ljava.lang.String;@2ef19db8,S$8.50
Last Oasis,[Ljava.lang.String;@6ef52739,S$29.00
Mahou Arms,[Ljava.lang.String;@207ac765,S$23.40
VALKYRIE CONNECT,[Ljava.lang.String;@2473824,S$0.00
State of Decay 2: Juggernaut Edition,[Ljava.lang.String;@20f97989,S$26.00
Langrisser I & II,[Ljava.lang.String;@67724e40,S$64.90
RESEQUENCED,[Ljava.lang.String;@11c5fc24,S$7.65
WarriOrb,[Ljava.lang.String;@2a786020,S$19.08
\u6b66\u4fa0\u4e42 The Swordsmen X,[Ljava.lang.String;@412661d7,S$24.65
The Test: Hypothesis Rising,[Ljava.lang.String;@345327fd,S$1.93
\u4e0d\u601d\u8b70\u306e\u93ae\u5b88\u5e9c,[Ljava.lang.String;@a49d98f,S$4.72
Paranoia: Deliver Me,[Ljava.lang.String;@63d9c186,S$1.29
Hero of the Kingdom: The Lost Tales 1,[Ljava.lang.String;@11832cf3,S$5.25
Koi Unleashed,[Ljava.lang.String;@3c429df1,S$16.20
Monster Energy Supercross - The Official Videogame 3,[Ljava.lang.String;@557b9530,S$42.00
Stilt Fella,[Ljava.lang.String;@5d17cfd8,S$10.00
Thigh Climbers,[Ljava.lang.String;@75926c9e,S$8.50
Premier Manager 10,[Ljava.lang.String;@1086057d,S$3.25
Kicks Online,[Ljava.lang.String;@19ddd048,S$0.00
Save Your Nuts,[Ljava.lang.String;@7ad7b5a4,S$14.50
Pancake Sailor,[Ljava.lang.String;@1c47d0fc,S$0.00
Futuball - Future Football Manager Game,[Ljava.lang.String;@3c4a93e4,S$0.00
Dr. Tacocat,[Ljava.lang.String;@4be24bb5,S$5.25
MoghVR,[Ljava.lang.String;@c5fadf8,S$12.00
2MD: VR Football Evolution,[Ljava.lang.String;@2ebd4cbf,S$13.00
Pro 11 - Football Manager Game,[Ljava.lang.String;@46803f3f,S$0.00
Ultimate Disc Golf,[Ljava.lang.String;@1f666bb9,S$10.00
Horse Riding Deluxe 2,[Ljava.lang.String;@6e2735c0,S$18.50
DCL - The Game,[Ljava.lang.String;@2abb540f,S$39.00
Help Will Come Tomorrow,[Ljava.lang.String;@41927a0a,S$18.50
Table Manners: Physics-Based Dating Game,[Ljava.lang.String;@164ccecd,S$17.00
Train Station Renovation - First Job,[Ljava.lang.String;@66a7fb27,S$0.00
Radio General,[Ljava.lang.String;@241df0bc,S$18.50
Tabletop Playground Beta,[Ljava.lang.String;@768d8c1f,S$0.00
WGT Golf,[Ljava.lang.String;@6c71ea5,S$0.00
Besiege,[Ljava.lang.String;@5f60a399,S$14.50
Max Gentlemen Sexy Business!,[Ljava.lang.String;@14b330d9,S$18.50
Holdfast: Nations At War,[Ljava.lang.String;@e44bb24,S$20.00
Gone: Survival,[Ljava.lang.String;@3048ae7f,S$5.62
Startup Company,[Ljava.lang.String;@6aeeaf84,S$13.00
STATIONflow,[Ljava.lang.String;@67d66ff8,S$17.00
Sweet Story Bad Girl,[Ljava.lang.String;@4ce065bd,S$0.88
Dieselpunk Wars Prologue,[Ljava.lang.String;@392e1108,S$0.00
Anime RPG Puzzles,[Ljava.lang.String;@26a30b26,S$2.43
Fort Triumph,[Ljava.lang.String;@3ddc57ce,S$22.00
Iris and the Giant,[Ljava.lang.String;@7433a72c,S$13.60
Kingdom Under Fire: The Crusaders,[Ljava.lang.String;@4af768b7,S$13.93
Azur Lane Crosswave,[Ljava.lang.String;@4866d36d,S$42.00
Anime RPG Puzzles,[Ljava.lang.String;@17db9f88,S$2.43
Granblue Fantasy: Versus,[Ljava.lang.String;@7e384098,S$49.00
Beautiful Feet Cabin,[Ljava.lang.String;@f7b2d38,S$5.25
Astellia,[Ljava.lang.String;@71f87a01,S$32.40
Intergalactic Fishing,[Ljava.lang.String;@3a949c69,S$14.50
Touhou Blooming Chaos 2,[Ljava.lang.String;@6143723,S$7.36
Gordian Quest,[Ljava.lang.String;@5050c834,S$18.50
Prime & Load : 1776,[Ljava.lang.String;@624a984d,S$17.00
Knock on the Coffin Lid,[Ljava.lang.String;@7c2337b9,S$10.00
Nira,[Ljava.lang.String;@5b29ba31,S$7.64
Car Dealer,[Ljava.lang.String;@deed808,S$8.50
Offroad Mania,[Ljava.lang.String;@5eabc724,S$5.25
Hades Ultimate Fighting Ball,[Ljava.lang.String;@48c506f2,S$6.50
Defense high,[Ljava.lang.String;@3390a97a,S$2.15
Quantum League - Free Open Beta,[Ljava.lang.String;@d7606e1,S$0.00
Grab the Beat,[Ljava.lang.String;@de4728c,S$0.00
Tony Stewart's Sprint Car Racing,[Ljava.lang.String;@6df61754,S$26.00
SILICON RISING,[Ljava.lang.String;@5b1ba8e9,S$18.50
Kick the VIRUS,[Ljava.lang.String;@66e7fc65,S$1.10
Boom Boomerang,[Ljava.lang.String;@48b99227,S$13.00
Perfect Round Disc Golf,[Ljava.lang.String;@15a860d3,S$18.50
Box:Boxing,[Ljava.lang.String;@13f2de6f,S$1.10
Just Drift It !,[Ljava.lang.String;@4aaf0ca0,S$2.15
Pinball Lockdown,[Ljava.lang.String;@4e038778,S$6.50
Bloody Rally Show,[Ljava.lang.String;@18fbc893,S$14.00
Tanky Tanks VR,[Ljava.lang.String;@1d7f7c45,S$7.50
Fields of Glory,[Ljava.lang.String;@7d6dc389,S$5.02
Beautiful Feet Cabin,[Ljava.lang.String;@3b9433e7,S$5.25
Food Girls - Bubbles' Drink Stand VR,[Ljava.lang.String;@5defed84,S$14.00
Sweet Story Bunny Club,[Ljava.lang.String;@4fb022f6,S$1.10
Car Dealer,[Ljava.lang.String;@5c52d102,S$8.50
Builders of Egypt: Prologue,[Ljava.lang.String;@4643ca64,S$0.00
Talvisota - Winter War,[Ljava.lang.String;@64e29ce5,S$0.00
Intergalactic Fishing,[Ljava.lang.String;@2a8bb51d,S$14.50
Victory Road,[Ljava.lang.String;@601bab8f,S$18.50
A Walk in the Woods,[Ljava.lang.String;@38d35d02,S$2.15
Selfless Heroes,[Ljava.lang.String;@4826fb49,S$6.50
Merchant of the Skies,[Ljava.lang.String;@3f728c0d,S$14.50
Space Wars,[Ljava.lang.String;@2881fbf,S$0.93
DOUDY,[Ljava.lang.String;@209179a1,S$6.50
Automobilista 2,[Ljava.lang.String;@5f122249,S$26.00
Aground,[Ljava.lang.String;@361c538f,S$14.50
Kaion Tale MMORPG,[Ljava.lang.String;@1d6b689c,S$0.00
Stoneshard,[Ljava.lang.String;@53251112,S$15.00
Dark Hero Party,[Ljava.lang.String;@79de05eb,S$14.50
Eternal Radiance,[Ljava.lang.String;@2d0ab174,S$17.00
Wolcen: Lords of Mayhem,[Ljava.lang.String;@6be303c1,S$34.00
Cross Soul,[Ljava.lang.String;@10b5222e,S$0.00
Legend of Keepers: Career of a Dungeon Master,[Ljava.lang.String;@194d9c8e,S$18.50
Unformed \u7834\u5984,[Ljava.lang.String;@61341fc2,S$14.50
Merchant of the Skies,[Ljava.lang.String;@12bae52e,S$14.50
Mask of the Plague Doctor,[Ljava.lang.String;@2b271105,S$5.25
Epic Conquest 2,[Ljava.lang.String;@5e7b5103,S$8.50
Enamored Risks,[Ljava.lang.String;@1f708f01,S$0.00
Sometimes Always Monsters,[Ljava.lang.String;@5a268a54,S$18.50
Mega Man Zero\/ZX Legacy Collection,[Ljava.lang.String;@499a072c,S$41.00
Australian Football Coach 2020,[Ljava.lang.String;@56fe327e,S$14.50
VR Mini Bowling 2,[Ljava.lang.String;@386466df,S$13.00
FlowState,[Ljava.lang.String;@21deb598,S$0.00
Art of Boxing,[Ljava.lang.String;@131e2fa,S$14.45
Basketball Madness,[Ljava.lang.String;@26fb4d60,S$5.25
SRC: Sprint Robot Championship,[Ljava.lang.String;@3d3295fe,S$14.50
Flying Sword,[Ljava.lang.String;@691495b5,S$1.10
ViKubb,[Ljava.lang.String;@67bc8c5f,S$4.25
Cyber Driver VR,[Ljava.lang.String;@1b504d85,S$3.25
Boot Camp Fitness,[Ljava.lang.String;@3264a674,S$11.00
Crazy VR Dance Party,[Ljava.lang.String;@7f1024b0,S$5.25
Super Chicken Catchers,[Ljava.lang.String;@7ccd9179,S$17.00
KURT - DER FUSSBALLMANAGER,[Ljava.lang.String;@65e8d700,S$12.00
Hockey Manager 20|20,[Ljava.lang.String;@72a89acf,S$29.00
Dancing with Anime Girls VR,[Ljava.lang.String;@ce3158e,S$5.25
Enamored Risks,[Ljava.lang.String;@3fc69f63,S$0.00
Winter War,[Ljava.lang.String;@90e14b6,S$14.50
POLYGON,[Ljava.lang.String;@1dd53f7c,S$0.00
Out of the Park Baseball 21,[Ljava.lang.String;@298d4b7f,S$34.00
What Makes Us Special,[Ljava.lang.String;@223bf4aa,S$6.00
Car Crush Racing Simulator,[Ljava.lang.String;@5be9efff,S$1.29
Bird Missions,[Ljava.lang.String;@6ff30521,S$1.10
Ostriv,[Ljava.lang.String;@2c667d13,S$22.00
Later Daters,[Ljava.lang.String;@51855291,S$8.50
Deadliest Catch: The Game,[Ljava.lang.String;@4587c949,S$18.50
Alchemy Story,[Ljava.lang.String;@322a16d5,S$18.50
The Convenience Store | \u591c\u52e4\u4e8b\u4ef6,[Ljava.lang.String;@2d3b7b66,S$3.25
One More Shot,[Ljava.lang.String;@56d1a58a,S$12.00
"Yes, Your Grace",[Ljava.lang.String;@2d67e398,S$16.65
Nations At War Digital,[Ljava.lang.String;@4f99c45f,S$3.15
Shattered Hourglass,[Ljava.lang.String;@622969df,S$9.00
The Odd Neon Void,[Ljava.lang.String;@70402d21,S$3.25
Princesses Never Lose!,[Ljava.lang.String;@717ab44a,S$18.50
Yokai's Secret,[Ljava.lang.String;@3303ef8a,S$2.15
Kingdom vs Zombies,[Ljava.lang.String;@1acd1fa4,S$5.52
Later Daters,[Ljava.lang.String;@6b1500f9,S$8.50
Crawling Of The Dead,[Ljava.lang.String;@4f693135,S$17.60
Heavenworld,[Ljava.lang.String;@633ae8ed,S$26.00
"Yes, Your Grace",[Ljava.lang.String;@11f8fb11,S$16.65
Operencia: The Stolen Sun,[Ljava.lang.String;@5229231f,S$26.00
THE LONGING,[Ljava.lang.String;@544f40f6,S$13.05
Fury Unleashed: Prologue,[Ljava.lang.String;@6006b712,S$0.00
Fantasy World Online Tycoon,[Ljava.lang.String;@36f0e870,S$18.50
Farmtale,[Ljava.lang.String;@2d5a146a,S$5.25
Planet Stronghold 2,[Ljava.lang.String;@33ca9c7,S$22.00
Holodance,[Ljava.lang.String;@6755e157,S$18.50
Dunk Lords,[Ljava.lang.String;@1a515093,S$18.50
Tropical Air Hockey,[Ljava.lang.String;@7cc5a08f,S$4.25
Gravinoid,[Ljava.lang.String;@1379641a,S$14.50
Virage Rally,[Ljava.lang.String;@5bee707b,S$9.00
MisBits,[Ljava.lang.String;@4b2b665d,S$0.00
Torque Drift,[Ljava.lang.String;@1abb766f,S$14.50
Cybershoes,[Ljava.lang.String;@42ba9896,S$0.00
Dirty Harry's Thunder Drive,[Ljava.lang.String;@6aff5512,S$0.00
Chess\u0441ak\u0435,[Ljava.lang.String;@7af6cf9e,S$18.00
Racing Glider,[Ljava.lang.String;@3b3fc6a1,S$8.50
Horse Racing Rally,[Ljava.lang.String;@2dd78778,S$2.15
Starters Orders Classic Horse Racing,[Ljava.lang.String;@3d101015,S$26.00
Ultimate Ski Jumping 2020,[Ljava.lang.String;@7156b216,S$10.00
Super Foosball,[Ljava.lang.String;@34197853,S$0.00
Drug Dealer Simulator: Free Sample,[Ljava.lang.String;@2564d5ef,S$0.00
Lock 'n Load Tactical Digital,[Ljava.lang.String;@18c9e9ee,S$5.25
Submarine Titans,[Ljava.lang.String;@5ccb3ee3,S$2.10
Farmtale,[Ljava.lang.String;@23ef0ec9,S$5.25
Slinger VR,[Ljava.lang.String;@20a77cf6,S$12.32
Fantasy World Online Tycoon,[Ljava.lang.String;@77f66795,S$18.50
Weaponry Dealer VR,[Ljava.lang.String;@72cf63ae,S$5.00
The Political Machine 2020,[Ljava.lang.String;@298da278,S$14.50
Potion Commotion,[Ljava.lang.String;@32d62b73,S$1.10
Memory Player,[Ljava.lang.String;@76582873,S$4.25
Shieldwall,[Ljava.lang.String;@7f03e705,S$10.00
Marco & The Galaxy Dragon,[Ljava.lang.String;@3bd904ff,S$18.50
The Test,[Ljava.lang.String;@38d72d44,S$2.15
Virtual Battlegrounds,[Ljava.lang.String;@f7b819d,S$18.50
Advancity,[Ljava.lang.String;@6fa064b8,S$14.50
Spoils of Plunder,[Ljava.lang.String;@1c2d6b4f,S$2.15
\u80c6\u5c0f\u9b3c Coward,[Ljava.lang.String;@1d11d883,S$1.95
Defend the village from goblins,[Ljava.lang.String;@4e35d5d5,S$12.00
Plebby Quest: The Crusades,[Ljava.lang.String;@22dced0f,S$18.50
Dungeon Defenders: Awakened,[Ljava.lang.String;@55dc9d08,S$34.00
OUTTA GAS,[Ljava.lang.String;@461a92f0,S$18.50
\u7a7f\u8d8a\u8054\u76df,[Ljava.lang.String;@26e16c9b,S$0.00
Spacefighter Rukia,[Ljava.lang.String;@631059dd,S$14.50
BadLads,[Ljava.lang.String;@5215ac6a,S$13.00
Rustler: Prologue,[Ljava.lang.String;@408a29ca,S$0.00
Baby Shark VR Dancing,[Ljava.lang.String;@6da200f4,S$14.00
Ancient Enemy,[Ljava.lang.String;@c1d622c,S$14.50
Blaster Squad,[Ljava.lang.String;@7314e939,S$9.60
EllrLand,[Ljava.lang.String;@62415ae8,S$7.48
In Her Eyes,[Ljava.lang.String;@1f9943f4,S$10.00
MotoGP\u212220,[Ljava.lang.String;@78725e29,S$42.00
PANZER BALL,[Ljava.lang.String;@2cfb2d3f,S$0.00
Racing Bike Fight (Corona Virus Lockdown Special),[Ljava.lang.String;@4485b452,S$1.29
Unlanded,[Ljava.lang.String;@1156d9d5,S$3.21
Automobilista 2,[Ljava.lang.String;@7b3f4ec0,S$26.00
Car Crush Racing Simulator,[Ljava.lang.String;@ed8164d,S$1.29
Torque Drift,[Ljava.lang.String;@679604e0,S$14.50
GetMeBro!,[Ljava.lang.String;@40a9f1b6,S$0.00
Madrun,[Ljava.lang.String;@41e1fe2d,S$0.00
Henchman For Hire,[Ljava.lang.String;@fc5e222,S$0.00
Rustler: Prologue,[Ljava.lang.String;@5823563e,S$0.00
Retrowave,[Ljava.lang.String;@570838cd,S$1.61
XRacer 2: Evolution,[Ljava.lang.String;@1956b497,S$1.82
TT Isle of Man Ride on the Edge 2,[Ljava.lang.String;@39a2916d,S$59.00
Go Kart Run!,[Ljava.lang.String;@7b72a2c1,S$0.00
Brave Alchemist Colette,[Ljava.lang.String;@255b93e2,S$18.70
Moving Out,[Ljava.lang.String;@2b9c6939,S$22.00
Iratus: Lord of the Dead,[Ljava.lang.String;@2fa3f892,S$16.50
Drug Dealer Simulator,[Ljava.lang.String;@6aa16302,S$18.50
A Summer's End - Hong Kong 1986,[Ljava.lang.String;@139c3937,S$14.50
Cloudpunk,[Ljava.lang.String;@5b014fdc,S$16.65
112 Operator,[Ljava.lang.String;@6bd64b46,S$18.70
Desktop Kanojo,[Ljava.lang.String;@a8e9c4d,S$2.27
TROUBLESHOOTER: Abandoned Children,[Ljava.lang.String;@782949aa,S$17.60
Deadside,[Ljava.lang.String;@290786dc,S$18.50
Wild West and Wizards,[Ljava.lang.String;@70d264c1,S$12.32
Filament,[Ljava.lang.String;@ec0e262,S$13.60
Mini Healer,[Ljava.lang.String;@3c168e09,S$7.22
Skul: The Hero Slayer,[Ljava.lang.String;@29b2de31,S$13.60
Pixel Ripped 1995,[Ljava.lang.String;@4a2553aa,S$18.50
Tony Stewart's Sprint Car Racing,[Ljava.lang.String;@4b91c3de,S$26.00
Sunset fighter,[Ljava.lang.String;@74edcfcb,S$1.10
Beach Buggy Racing 2,[Ljava.lang.String;@14b56aff,S$5.25
Bock Bock,[Ljava.lang.String;@2c29d78c,S$7.50
Mad Tracks,[Ljava.lang.String;@69e37ee4,S$10.00
Monster Energy Supercross - The Official Videogame 3,[Ljava.lang.String;@73ea6784,S$42.00
10 Second Shuriken,[Ljava.lang.String;@4cb71994,S$5.52
Pancake Sailor,[Ljava.lang.String;@2ec02239,S$0.00
BLOCK Multiplayer: RPG,[Ljava.lang.String;@5c266d5b,S$0.00
\u6211\u662f\u718a\u5b69\u5b50,[Ljava.lang.String;@7cd0e71c,S$2.15
RollingSky2,[Ljava.lang.String;@8df3aab,S$13.00
DriftOn,[Ljava.lang.String;@27211063,S$3.25
Offroad Mania,[Ljava.lang.String;@4882fd69,S$5.25
Horse Riding Deluxe 2,[Ljava.lang.String;@33111b62,S$18.50
Drift Of The Hill,[Ljava.lang.String;@426a75c9,S$2.15
Moving Out,[Ljava.lang.String;@3251169f,S$22.00
HYPERCHARGE: Unboxed,[Ljava.lang.String;@920c1bc,S$13.87
A Summer's End - Hong Kong 1986,[Ljava.lang.String;@18f5396c,S$14.50
Desktop Kanojo,[Ljava.lang.String;@4bfe4d32,S$2.27
TROUBLESHOOTER: Abandoned Children,[Ljava.lang.String;@71215f3c,S$17.60
Mini Healer,[Ljava.lang.String;@7e034d85,S$7.22
Blush Blush,[Ljava.lang.String;@4f8c3570,S$0.00
Sweet Story Bad Girl,[Ljava.lang.String;@7622766e,S$0.88
DJMAX RESPECT V,[Ljava.lang.String;@d011f29,S$61.00
Coronavirus Attack,[Ljava.lang.String;@698a0469,S$2.14
KARDS - The WWII Card Game,[Ljava.lang.String;@47839b9d,S$0.00
Knock Harder,[Ljava.lang.String;@22770405,S$8.50
Biped,[Ljava.lang.String;@270aaf35,S$14.50
\u516d\u9636\u8c1c\u9898 six-step mystery,[Ljava.lang.String;@1e9a5ef1,S$5.62
BarnFinders: The Pilot,[Ljava.lang.String;@459e61cc,S$0.00
Pixel Ripped 1995,[Ljava.lang.String;@2dd27d8e,S$18.50
Sweet Story Bad Girl,[Ljava.lang.String;@61f3d313,S$0.88
\ub178\ubca0\ub098 \ub514\uc544\ubcfc\ub85c\uc2a4,[Ljava.lang.String;@57555ee0,S$16.20
Fort Triumph,[Ljava.lang.String;@10d3b7ee,S$22.00
Coronavirus Attack,[Ljava.lang.String;@2ed38677,S$2.14
Knock Harder,[Ljava.lang.String;@51c7a3f5,S$8.50
The Wind and Wilting Blossom,[Ljava.lang.String;@2c185573,S$14.00
Blush Blush,[Ljava.lang.String;@21f9fbd9,S$0.00
KARDS - The WWII Card Game,[Ljava.lang.String;@13ab31af,S$0.00
Dreamscaper: Prologue,[Ljava.lang.String;@7f1fe024,S$0.00
One Step From Eden,[Ljava.lang.String;@11429179,S$18.50
Alien 911 Prologue,[Ljava.lang.String;@7f0b97bb,S$0.00
\u516d\u9636\u8c1c\u9898 six-step mystery,[Ljava.lang.String;@3567e7bc,S$5.62
Mahou Arms,[Ljava.lang.String;@35f92ff4,S$23.40
Last Oasis,[Ljava.lang.String;@30b5b96b,S$29.00
DCL - The Game,[Ljava.lang.String;@19700946,S$39.00
Horse Racing Rally,[Ljava.lang.String;@650a1313,S$2.15
Rhythmic Retro Racer,[Ljava.lang.String;@78698038,S$7.50
Bloody Rally Show,[Ljava.lang.String;@696c85a2,S$14.00
Barro F,[Ljava.lang.String;@704f8bf0,S$0.55
Race Maniacs,[Ljava.lang.String;@45e89c61,S$5.25
Tinker Racers,[Ljava.lang.String;@71b4bca4,S$3.25
Drift Alone,[Ljava.lang.String;@7cf866a5,S$6.50
Just Drift It !,[Ljava.lang.String;@70e472c1,S$2.15
SILICON RISING,[Ljava.lang.String;@71eee328,S$18.50
SRC: Sprint Robot Championship,[Ljava.lang.String;@256b202d,S$14.50
Stealthscape,[Ljava.lang.String;@1a19b76b,S$10.00
FlowState,[Ljava.lang.String;@4938bc93,S$0.00
Zombie Road Rider,[Ljava.lang.String;@4fc9e13f,S$5.25
Gigantosaurus The Game,[Ljava.lang.String;@335fcaa3,S$34.00
Onryo | \u6028\u970a,[Ljava.lang.String;@687a657e,S$5.25
Senren\uff0aBanka,[Ljava.lang.String;@68baa157,S$26.10
Kill It With Fire: Ignition,[Ljava.lang.String;@25fd6431,S$0.00
Fire Escape,[Ljava.lang.String;@156d2133,S$10.00
PANZER BALL,[Ljava.lang.String;@2e07f775,S$0.00
The Test: Hypothesis Rising,[Ljava.lang.String;@138a4bfb,S$1.93
Aladdin - Hidden Objects Game,[Ljava.lang.String;@5d186957,S$4.20
RISK: Global Domination,[Ljava.lang.String;@2180af7e,S$0.00
Hero of the Kingdom: The Lost Tales 1,[Ljava.lang.String;@30ad4864,S$5.25
Sweet Story Bunny Club,[Ljava.lang.String;@71b91819,S$1.10
Cuyo,[Ljava.lang.String;@6ff595a8,S$3.25
Making*Lovers,[Ljava.lang.String;@4b2a3c77,S$26.00
Quiplash 2 InterLASHional,[Ljava.lang.String;@111eb31e,S$10.00
Rary,[Ljava.lang.String;@28de08f4,S$0.66
Tank Mechanic Simulator,[Ljava.lang.String;@6b458092,S$18.50
BarnFinders: The Pilot,[Ljava.lang.String;@15740b66,S$0.00
Bombergrounds: Battle Royale,[Ljava.lang.String;@4d352894,S$0.00
Endzone - A World Apart,[Ljava.lang.String;@ab370b0,S$22.00
Onryo | \u6028\u970a,[Ljava.lang.String;@4de2ef77,S$5.25
WarriOrb,[Ljava.lang.String;@78f8e296,S$19.08
Nations At War Digital,[Ljava.lang.String;@1c6d0495,S$3.15
PANZER BALL,[Ljava.lang.String;@d4ac158,S$0.00
Exit the Gungeon,[Ljava.lang.String;@57090ed1,S$10.00
Fire Escape,[Ljava.lang.String;@68daaaf4,S$10.00
Kill It With Fire: Ignition,[Ljava.lang.String;@1ce752d6,S$0.00
RESEQUENCED,[Ljava.lang.String;@47fc0013,S$7.65
Hero of the Kingdom: The Lost Tales 1,[Ljava.lang.String;@581ce1bb,S$5.25
Bright Memory,[Ljava.lang.String;@65ac6d46,S$10.00
The Test: Hypothesis Rising,[Ljava.lang.String;@437bf2c7,S$1.93
Shank n' Bake,[Ljava.lang.String;@64a08e23,S$4.72
N.I.C.E. 2,[Ljava.lang.String;@5dce2a4f,S$10.00
Flying Sword,[Ljava.lang.String;@413f06fb,S$1.10
Cyber Driver VR,[Ljava.lang.String;@210e4969,S$3.25
Have a N.I.C.E day!,[Ljava.lang.String;@fff906f,S$10.00
Floody,[Ljava.lang.String;@234f4f8d,S$5.25
Racing Glider,[Ljava.lang.String;@1afe8dc1,S$8.50
Virage Rally,[Ljava.lang.String;@4968caf6,S$9.00
CAR TUNE: Project,[Ljava.lang.String;@3a67475c,S$10.00
Stilt Fella,[Ljava.lang.String;@638d44ba,S$10.00
Paperball,[Ljava.lang.String;@df35d8f,S$12.00
RollingSky,[Ljava.lang.String;@24309bd,S$11.00
Dirty Harry's Thunder Drive,[Ljava.lang.String;@29ef30e,S$0.00
Hyperwheel Overdrive,[Ljava.lang.String;@b3fdf73,S$22.00
\u4f20\u5947\u4e16\u754c,[Ljava.lang.String;@1c37f4be,S$0.00
SpeedFighter,[Ljava.lang.String;@6230864,S$18.50
Train Station Renovation - First Job,[Ljava.lang.String;@6e10073,S$0.00
Tabletop Playground Beta,[Ljava.lang.String;@25508615,S$0.00
Mushroom Cats 2,[Ljava.lang.String;@3baedaf3,S$0.99
Raindrops,[Ljava.lang.String;@4c60915e,S$5.25
Coloring Game 3,[Ljava.lang.String;@420ce239,S$0.00
PiraCrash!,[Ljava.lang.String;@634db443,S$5.25
Wild Russia,[Ljava.lang.String;@2e79939b,S$14.80
KillSteel,[Ljava.lang.String;@66db0d6b,S$0.00
Sweet Solitaire: School Witch,[Ljava.lang.String;@436326a3,S$3.15
Billion Road,[Ljava.lang.String;@4d026d20,S$34.00
Royal Crown,[Ljava.lang.String;@2f85da50,S$0.00
Anime RPG Puzzles,[Ljava.lang.String;@110b2a9e,S$2.43
Mya of the Desert,[Ljava.lang.String;@4b075022,S$0.00
PUZZL,[Ljava.lang.String;@15b24f0f,S$0.99
Yokai's Secret,[Ljava.lang.String;@146440b3,S$2.15
Paranoia: Deliver Me,[Ljava.lang.String;@2d841a87,S$1.29
SoundSelf: A Technodelic,[Ljava.lang.String;@2ac9f20f,S$26.00
Chaos,[Ljava.lang.String;@1c1e4e3d,S$0.00
Beyond The Underworld,[Ljava.lang.String;@5e941aca,S$14.50
Aladdin - Hidden Objects Game,[Ljava.lang.String;@534963bd,S$4.20
Jericho's Prophecies,[Ljava.lang.String;@3675aa51,S$2.60
Heavens Tournament,[Ljava.lang.String;@58747504,S$8.50
Red Mist,[Ljava.lang.String;@26c8668a,S$10.00
Hero of the Kingdom: The Lost Tales 1,[Ljava.lang.String;@3e04bd65,S$5.25
Sweet Story Bunny Club,[Ljava.lang.String;@2538afd6,S$1.10
Receiver 2,[Ljava.lang.String;@5e9f3220,S$18.50
Fly Punch Boom: First Impact!,[Ljava.lang.String;@3b06e34f,S$0.00
Good Company,[Ljava.lang.String;@20728edf,S$22.00
Koi Unleashed,[Ljava.lang.String;@4054d318,S$16.20
In The Search For: Revenge,[Ljava.lang.String;@677de700,S$2.15
Thunder Rally,[Ljava.lang.String;@5f5d03ef,S$13.00
Corpse disaster-survivors,[Ljava.lang.String;@3977d70f,S$3.25
Rat Racer,[Ljava.lang.String;@31ba62c6,S$1.10
Cross Country Express,[Ljava.lang.String;@31b65c7e,S$1.10
Biathlon Battle VR,[Ljava.lang.String;@64373dc,S$10.00
TUNNEL BIRD,[Ljava.lang.String;@18b13b4,S$1.10
Subway Simulator,[Ljava.lang.String;@63c5ed11,S$14.50
BH Trials,[Ljava.lang.String;@609308bb,S$17.00
Quarter Horse Racing,[Ljava.lang.String;@7d535ae6,S$3.25
Factory Rally Madness,[Ljava.lang.String;@241ce04b,S$15.00
Street Racing 2020,[Ljava.lang.String;@687d3cbc,S$18.50
Little machines world,[Ljava.lang.String;@10d337d8,S$18.50
Knockdown the Ball Twice,[Ljava.lang.String;@7730db4e,S$4.25
Street Sweeper,[Ljava.lang.String;@346d735b,S$0.00
Drive Forward,[Ljava.lang.String;@357431b6,S$0.77
Sweet Story Fallen Angel,[Ljava.lang.String;@4d8bfb40,S$1.10
Gotcha,[Ljava.lang.String;@1223be01,S$19.80
Circle Empires Rivals,[Ljava.lang.String;@6ced472,S$14.50
Out of Space,[Ljava.lang.String;@3f0eb899,S$14.50
Sexy Fitness Girl,[Ljava.lang.String;@2dcd15c3,S$2.15
Abacus,[Ljava.lang.String;@229165cd,S$6.50
King of Spies,[Ljava.lang.String;@520c48a9,S$3.82
Car Dealer,[Ljava.lang.String;@188ce801,S$8.50
Knight's Retreat,[Ljava.lang.String;@5d2a95de,S$1.10
Space Wars,[Ljava.lang.String;@743c2cbb,S$0.93
SimAirport,[Ljava.lang.String;@44c57b95,S$22.00
Math Puzzle Alpha Challenge,[Ljava.lang.String;@3bf65fec,S$0.66
Inside The Mirror,[Ljava.lang.String;@327ba929,S$3.25
Beautiful Feet Cabin,[Ljava.lang.String;@27371229,S$5.25
My Cute Fuhrer,[Ljava.lang.String;@4841cc89,S$2.15
Cuyo,[Ljava.lang.String;@2e1c28b2,S$3.25
10 Second Shuriken,[Ljava.lang.String;@31a5c102,S$5.52
Shuffled Nightmares,[Ljava.lang.String;@7746763b,S$0.66
Samsara Room,[Ljava.lang.String;@39d350f2,S$0.00
Legend Creatures(\u4f20\u5947\u751f\u7269),[Ljava.lang.String;@76c5a6c2,S$5.25
Quiplash 2 InterLASHional,[Ljava.lang.String;@69f7c4c9,S$10.00
Rary,[Ljava.lang.String;@2d449062,S$0.66
Tank Mechanic Simulator,[Ljava.lang.String;@e3301f8,S$18.50
Witching Tower: Heroes,[Ljava.lang.String;@551b454a,S$8.50
Train Station Renovation - First Job,[Ljava.lang.String;@21d02ac,S$0.00
"One Try, One Kill",[Ljava.lang.String;@bd3450d,S$1.29
Tabletop Playground Beta,[Ljava.lang.String;@1d79b94e,S$0.00
Mushroom Cats 2,[Ljava.lang.String;@12478ebe,S$0.99
Raindrops,[Ljava.lang.String;@78a5f638,S$5.25
Nira,[Ljava.lang.String;@69cf2f0c,S$7.64
Furious Drivers,[Ljava.lang.String;@17b01357,S$10.00
Spermula 1,[Ljava.lang.String;@40f333af,S$4.25
Tank Ball,[Ljava.lang.String;@50d4c3f2,S$2.15
Junk on Wheels,[Ljava.lang.String;@b666882,S$10.00
Nice Try!,[Ljava.lang.String;@1cdbe812,S$2.00
Served!,[Ljava.lang.String;@456cde6d,S$6.50
Porsche Hall of Legends VR,[Ljava.lang.String;@33d14e61,S$0.00
\u5730\u57ce\u8537\u8587,[Ljava.lang.String;@bcb12e1,S$4.25
Knockout Daddy,[Ljava.lang.String;@4813f0f2,S$0.00
"Speed And Survive Ball, \u901f\u5ea6\u4e0e\u5e78\u5b58\u4e4b\u7403",[Ljava.lang.String;@6bafd02b,S$1.10
Burnt Rubber,[Ljava.lang.String;@52b43979,S$5.25
Getaway Mayhem,[Ljava.lang.String;@1bb65d4,S$4.25
The Pointless Car Chase,[Ljava.lang.String;@56f88171,S$2.15
Race! Make 'm finish...,[Ljava.lang.String;@43c32d0d,S$3.25
Broken Spell 2,[Ljava.lang.String;@30cfabfd,S$10.00
Good Company,[Ljava.lang.String;@6a00fdf5,S$22.00
Roller Riot,[Ljava.lang.String;@78610acd,S$0.00
Mizuchi \u767d\u86c7\u5fc3\u50b3,[Ljava.lang.String;@2290fb89,S$14.50
Enamored Risks,[Ljava.lang.String;@6f4d3c65,S$0.00
\u63a8\u7bb1\u5b50,[Ljava.lang.String;@2cf9b2c,S$0.88
Easy puzzle: Landscape,[Ljava.lang.String;@7208deda,S$0.55
Shapik: The Moon Quest,[Ljava.lang.String;@57612fa1,S$8.50
PIVO,[Ljava.lang.String;@51499f3c,S$8.50
Chaos,[Ljava.lang.String;@2fa168c2,S$0.00
What Makes Us Special,[Ljava.lang.String;@1b6b9de2,S$6.00
12 Labours of Hercules X: Greed for Speed,[Ljava.lang.String;@4529a509,S$12.00
Geometry Arena \u51e0\u4f55\u7ade\u6280\u573a,[Ljava.lang.String;@580462ef,S$3.25
Shattered Hourglass,[Ljava.lang.String;@7cc7e655,S$9.00
Legend Creatures(\u4f20\u5947\u751f\u7269),[Ljava.lang.String;@3b04f0a2,S$5.25
Marco & The Galaxy Dragon,[Ljava.lang.String;@330d0b26,S$18.50
Locked Up,[Ljava.lang.String;@bd3a6b5,S$11.05
RISK: Global Domination,[Ljava.lang.String;@17ced68d,S$0.00
Iris and the Giant,[Ljava.lang.String;@4c41bb69,S$13.60
DJIGULI,[Ljava.lang.String;@2c6166d7,S$1.10
PiraCrash!,[Ljava.lang.String;@3a919be0,S$5.25
Coronavirus Evolution,[Ljava.lang.String;@5b8a4881,S$1.10
Tower ships,[Ljava.lang.String;@1ad13a6a,S$6.37
Holdfast: Nations At War,[Ljava.lang.String;@3d21b039,S$20.00
KillSteel,[Ljava.lang.String;@b5972e6,S$0.00
Max Gentlemen Sexy Business!,[Ljava.lang.String;@21eed4c,S$18.50
Element TD 2 - Competitive Tower Defense,[Ljava.lang.String;@118f850f,S$10.00
Gone: Survival,[Ljava.lang.String;@219f4f7f,S$5.62
Avorion,[Ljava.lang.String;@6111c7e8,S$22.00
Circle Empires Rivals,[Ljava.lang.String;@1490320b,S$14.50
Coloring Game 3,[Ljava.lang.String;@79da7a6b,S$0.00
Super Bounce Ball,[Ljava.lang.String;@22e52698,S$2.15
Bird Missions,[Ljava.lang.String;@4d249bab,S$1.10
Survival Denied,[Ljava.lang.String;@5831f86e,S$12.00
Car Crush Racing Simulator,[Ljava.lang.String;@7292d821,S$1.29
The Convenience Store | \u591c\u52e4\u4e8b\u4ef6,[Ljava.lang.String;@79c8f10d,S$3.25
Floppy Heroes 2,[Ljava.lang.String;@1058c45c,S$7.50
Disobedient Sheep,[Ljava.lang.String;@477dbcb1,S$9.00
Melody Flight,[Ljava.lang.String;@234a27af,S$8.50
Startup Company,[Ljava.lang.String;@1d34ea52,S$13.00
Later Daters,[Ljava.lang.String;@4b98a78c,S$8.50
Florence,[Ljava.lang.String;@612a027a,S$6.50
Chess Sudoku,[Ljava.lang.String;@13af26af,S$5.25
Baby Shark VR Dancing,[Ljava.lang.String;@29f328f2,S$14.00
VALORA Girls,[Ljava.lang.String;@27d95e87,S$0.66
Shieldwall,[Ljava.lang.String;@16d1b1d4,S$10.00
